-- 1. Insert users (if allowed by your Supabase setup)
-- If you get an error, comment out this section and use existing user UUIDs.
insert into auth.users (id, email, encrypted_password)
values
  ('11111111-1111-1111-1111-111111111111', 'alice@example.com', 'fakepasswordhash1'),
  ('22222222-2222-2222-2222-222222222222', 'bob@example.com', 'fakepasswordhash2'),
  ('33333333-3333-3333-3333-333333333004', 'user4@example.com', 'fakepasswordhash4'),
  ('33333333-3333-3333-3333-333333333005', 'user5@example.com', 'fakepasswordhash5'),
  ('33333333-3333-3333-3333-333333333006', 'user6@example.com', 'fakepasswordhash6'),
  ('33333333-3333-3333-3333-333333333007', 'user7@example.com', 'fakepasswordhash7'),
  ('33333333-3333-3333-3333-333333333008', 'user8@example.com', 'fakepasswordhash8'),
  ('33333333-3333-3333-3333-333333333009', 'user9@example.com', 'fakepasswordhash9'),
  ('33333333-3333-3333-3333-333333333010', 'user10@example.com', 'fakepasswordhash10'),
  ('33333333-3333-3333-3333-333333333011', 'user11@example.com', 'fakepasswordhash11'),
  ('33333333-3333-3333-3333-333333333012', 'user12@example.com', 'fakepasswordhash12'),
  ('33333333-3333-3333-3333-333333333013', 'user13@example.com', 'fakepasswordhash13'),
  ('33333333-3333-3333-3333-333333333014', 'user14@example.com', 'fakepasswordhash14'),
  ('33333333-3333-3333-3333-333333333015', 'user15@example.com', 'fakepasswordhash15'),
  ('33333333-3333-3333-3333-333333333016', 'user16@example.com', 'fakepasswordhash16'),
  ('33333333-3333-3333-3333-333333333017', 'user17@example.com', 'fakepasswordhash17'),
  ('33333333-3333-3333-3333-333333333018', 'user18@example.com', 'fakepasswordhash18'),
  ('33333333-3333-3333-3333-333333333019', 'user19@example.com', 'fakepasswordhash19'),
  ('33333333-3333-3333-3333-333333333020', 'user20@example.com', 'fakepasswordhash20'),
  ('33333333-3333-3333-3333-333333333021', 'user21@example.com', 'fakepasswordhash21'),
  ('33333333-3333-3333-3333-333333333022', 'user22@example.com', 'fakepasswordhash22'),
  ('33333333-3333-3333-3333-333333333023', 'user23@example.com', 'fakepasswordhash23'),
  ('33333333-3333-3333-3333-333333333024', 'user24@example.com', 'fakepasswordhash24'),
  ('33333333-3333-3333-3333-333333333025', 'user25@example.com', 'fakepasswordhash25'),
  ('33333333-3333-3333-3333-333333333026', 'user26@example.com', 'fakepasswordhash26'),
  ('33333333-3333-3333-3333-333333333027', 'user27@example.com', 'fakepasswordhash27'),
  ('33333333-3333-3333-3333-333333333028', 'user28@example.com', 'fakepasswordhash28'),
  ('33333333-3333-3333-3333-333333333029', 'user29@example.com', 'fakepasswordhash29'),
  ('33333333-3333-3333-3333-333333333030', 'user30@example.com', 'fakepasswordhash30'),
  ('33333333-3333-3333-3333-333333333031', 'user31@example.com', 'fakepasswordhash31'),
  ('33333333-3333-3333-3333-333333333032', 'user32@example.com', 'fakepasswordhash32'),
  ('33333333-3333-3333-3333-333333333033', 'user33@example.com', 'fakepasswordhash33'),
  ('33333333-3333-3333-3333-333333333034', 'user34@example.com', 'fakepasswordhash34'),
  ('33333333-3333-3333-3333-333333333035', 'user35@example.com', 'fakepasswordhash35'),
  ('33333333-3333-3333-3333-333333333036', 'user36@example.com', 'fakepasswordhash36'),
  ('33333333-3333-3333-3333-333333333037', 'user37@example.com', 'fakepasswordhash37'),
  ('33333333-3333-3333-3333-333333333038', 'user38@example.com', 'fakepasswordhash38'),
  ('33333333-3333-3333-3333-333333333039', 'user39@example.com', 'fakepasswordhash39'),
  ('33333333-3333-3333-3333-333333333040', 'user40@example.com', 'fakepasswordhash40'),
  ('33333333-3333-3333-3333-333333333041', 'user41@example.com', 'fakepasswordhash41'),
  ('33333333-3333-3333-3333-333333333042', 'user42@example.com', 'fakepasswordhash42'),
  ('33333333-3333-3333-3333-333333333043', 'user43@example.com', 'fakepasswordhash43'),
  ('33333333-3333-3333-3333-333333333044', 'user44@example.com', 'fakepasswordhash44'),
  ('33333333-3333-3333-3333-333333333045', 'user45@example.com', 'fakepasswordhash45'),
  ('33333333-3333-3333-3333-333333333046', 'user46@example.com', 'fakepasswordhash46'),
  ('33333333-3333-3333-3333-333333333047', 'user47@example.com', 'fakepasswordhash47'),
  ('33333333-3333-3333-3333-333333333048', 'user48@example.com', 'fakepasswordhash48'),
  ('33333333-3333-3333-3333-333333333049', 'user49@example.com', 'fakepasswordhash49'),
  ('33333333-3333-3333-3333-333333333050', 'user50@example.com', 'fakepasswordhash50'),
  ('33333333-3333-3333-3333-333333333051', 'user51@example.com', 'fakepasswordhash51'),
  ('33333333-3333-3333-3333-333333333052', 'user52@example.com', 'fakepasswordhash52'),
  ('33333333-3333-3333-3333-333333333053', 'user53@example.com', 'fakepasswordhash53'),
  ('33333333-3333-3333-3333-333333333054', 'user54@example.com', 'fakepasswordhash54'),
  ('33333333-3333-3333-3333-333333333055', 'user55@example.com', 'fakepasswordhash55'),
  ('33333333-3333-3333-3333-333333333056', 'user56@example.com', 'fakepasswordhash56'),
  ('33333333-3333-3333-3333-333333333057', 'user57@example.com', 'fakepasswordhash57'),
  ('33333333-3333-3333-3333-333333333058', 'user58@example.com', 'fakepasswordhash58'),
  ('33333333-3333-3333-3333-333333333059', 'user59@example.com', 'fakepasswordhash59'),
  ('33333333-3333-3333-3333-333333333060', 'user60@example.com', 'fakepasswordhash60'),
  ('33333333-3333-3333-3333-333333333061', 'user61@example.com', 'fakepasswordhash61'),
  ('33333333-3333-3333-3333-333333333062', 'user62@example.com', 'fakepasswordhash62'),
  ('33333333-3333-3333-3333-333333333063', 'user63@example.com', 'fakepasswordhash63'),
  ('33333333-3333-3333-3333-333333333064', 'user64@example.com', 'fakepasswordhash64'),
  ('33333333-3333-3333-3333-333333333065', 'user65@example.com', 'fakepasswordhash65'),
  ('33333333-3333-3333-3333-333333333066', 'user66@example.com', 'fakepasswordhash66'),
  ('33333333-3333-3333-3333-333333333067', 'user67@example.com', 'fakepasswordhash67'),
  ('33333333-3333-3333-3333-333333333068', 'user68@example.com', 'fakepasswordhash68'),
  ('33333333-3333-3333-3333-333333333069', 'user69@example.com', 'fakepasswordhash69'),
  ('33333333-3333-3333-3333-333333333070', 'user70@example.com', 'fakepasswordhash70'),
  ('33333333-3333-3333-3333-333333333071', 'user71@example.com', 'fakepasswordhash71'),
  ('33333333-3333-3333-3333-333333333072', 'user72@example.com', 'fakepasswordhash72'),
  ('33333333-3333-3333-3333-333333333073', 'user73@example.com', 'fakepasswordhash73'),
  ('33333333-3333-3333-3333-333333333074', 'user74@example.com', 'fakepasswordhash74'),
  ('33333333-3333-3333-3333-333333333075', 'user75@example.com', 'fakepasswordhash75'),
  ('33333333-3333-3333-3333-333333333076', 'user76@example.com', 'fakepasswordhash76'),
  ('33333333-3333-3333-3333-333333333077', 'user77@example.com', 'fakepasswordhash77'),
  ('33333333-3333-3333-3333-333333333078', 'user78@example.com', 'fakepasswordhash78'),
  ('33333333-3333-3333-3333-333333333079', 'user79@example.com', 'fakepasswordhash79'),
  ('33333333-3333-3333-3333-333333333080', 'user80@example.com', 'fakepasswordhash80'),
  ('33333333-3333-3333-3333-333333333081', 'user81@example.com', 'fakepasswordhash81'),
  ('33333333-3333-3333-3333-333333333082', 'user82@example.com', 'fakepasswordhash82'),
  ('33333333-3333-3333-3333-333333333083', 'user83@example.com', 'fakepasswordhash83'),
  ('33333333-3333-3333-3333-333333333084', 'user84@example.com', 'fakepasswordhash84'),
  ('33333333-3333-3333-3333-333333333085', 'user85@example.com', 'fakepasswordhash85'),
  ('33333333-3333-3333-3333-333333333086', 'user86@example.com', 'fakepasswordhash86'),
  ('33333333-3333-3333-3333-333333333087', 'user87@example.com', 'fakepasswordhash87'),
  ('33333333-3333-3333-3333-333333333088', 'user88@example.com', 'fakepasswordhash88'),
  ('33333333-3333-3333-3333-333333333089', 'user89@example.com', 'fakepasswordhash89'),
  ('33333333-3333-3333-3333-333333333090', 'user90@example.com', 'fakepasswordhash90'),
  ('33333333-3333-3333-3333-333333333091', 'user91@example.com', 'fakepasswordhash91'),
  ('33333333-3333-3333-3333-333333333092', 'user92@example.com', 'fakepasswordhash92'),
  ('33333333-3333-3333-3333-333333333093', 'user93@example.com', 'fakepasswordhash93'),
  ('33333333-3333-3333-3333-333333333094', 'user94@example.com', 'fakepasswordhash94'),
  ('33333333-3333-3333-3333-333333333095', 'user95@example.com', 'fakepasswordhash95'),
  ('33333333-3333-3333-3333-333333333096', 'user96@example.com', 'fakepasswordhash96'),
  ('33333333-3333-3333-3333-333333333097', 'user97@example.com', 'fakepasswordhash97'),
  ('33333333-3333-3333-3333-333333333098', 'user98@example.com', 'fakepasswordhash98'),
  ('33333333-3333-3333-3333-333333333099', 'user99@example.com', 'fakepasswordhash99'),
  ('33333333-3333-3333-3333-333333333100', 'user100@example.com', 'fakepasswordhash100'),
  ('33333333-3333-3333-3333-333333333101', 'user101@example.com', 'fakepasswordhash101'),
  ('33333333-3333-3333-3333-333333333102', 'user102@example.com', 'fakepasswordhash102'),
  ('33333333-3333-3333-3333-333333333103', 'user103@example.com', 'fakepasswordhash103');


-- 2. Insert debates
insert into public.debates (id, title, description, current_phase, start_time, created_by, created_at)
values
  ('aaaaaaa1-aaaa-aaaa-aaaa-aaaaaaaaaaaa', 'Debate 1', 'First debate', 'finished', now(), '11111111-1111-1111-1111-111111111111', now()),
  ('aaaaaaa2-aaaa-aaaa-aaaa-aaaaaaaaaaaa', 'Debate 2', 'Second debate', 'pre', now(), '22222222-2222-2222-2222-222222222222', now());

-- 3. Insert votes
insert into public.votes (id, debate_id, user_id, pre_vote, post_vote, created_at)
values
  (gen_random_uuid(), 'aaaaaaa1-aaaa-aaaa-aaaa-aaaaaaaaaaaa', '11111111-1111-1111-1111-111111111111', '{"option": "undecided"}', '{"option": "for"}', now()),
  (gen_random_uuid(), 'aaaaaaa1-aaaa-aaaa-aaaa-aaaaaaaaaaaa', '22222222-2222-2222-2222-222222222222', '{"option": "against"}', '{"option": "against"}', now()),
  (gen_random_uuid(), 'aaaaaaa2-aaaa-aaaa-aaaa-aaaaaaaaaaaa', '11111111-1111-1111-1111-111111111111', '{"option": "undecided"}', '{"option": "against"}', now()),
  (gen_random_uuid(), 'aaaaaaa1-aaaa-aaaa-aaaa-aaaaaaaaaaaa', '33333333-3333-3333-3333-333333333004', '{"option": "for"}', '{"option": "against"}', now()),
  (gen_random_uuid(), 'aaaaaaa1-aaaa-aaaa-aaaa-aaaaaaaaaaaa', '33333333-3333-3333-3333-333333333005', '{"option": "against"}', '{"option": "for"}', now()),
  (gen_random_uuid(), 'aaaaaaa1-aaaa-aaaa-aaaa-aaaaaaaaaaaa', '33333333-3333-3333-3333-333333333006', '{"option": "undecided"}', '{"option": "for"}', now()),
  (gen_random_uuid(), 'aaaaaaa1-aaaa-aaaa-aaaa-aaaaaaaaaaaa', '33333333-3333-3333-3333-333333333007', '{"option": "for"}', '{"option": "undecided"}', now()),
  (gen_random_uuid(), 'aaaaaaa1-aaaa-aaaa-aaaa-aaaaaaaaaaaa', '33333333-3333-3333-3333-333333333008', '{"option": "against"}', '{"option": "undecided"}', now()),
  (gen_random_uuid(), 'aaaaaaa1-aaaa-aaaa-aaaa-aaaaaaaaaaaa', '33333333-3333-3333-3333-333333333009', '{"option": "undecided"}', '{"option": "against"}', now()),
  (gen_random_uuid(), 'aaaaaaa1-aaaa-aaaa-aaaa-aaaaaaaaaaaa', '33333333-3333-3333-3333-333333333010', '{"option": "for"}', '{"option": "against"}', now()),
  (gen_random_uuid(), 'aaaaaaa1-aaaa-aaaa-aaaa-aaaaaaaaaaaa', '33333333-3333-3333-3333-333333333011', '{"option": "against"}', '{"option": "for"}', now()),
  (gen_random_uuid(), 'aaaaaaa1-aaaa-aaaa-aaaa-aaaaaaaaaaaa', '33333333-3333-3333-3333-333333333012', '{"option": "undecided"}', '{"option": "for"}', now()),
  (gen_random_uuid(), 'aaaaaaa1-aaaa-aaaa-aaaa-aaaaaaaaaaaa', '33333333-3333-3333-3333-333333333013', '{"option": "for"}', '{"option": "undecided"}', now()),
  (gen_random_uuid(), 'aaaaaaa1-aaaa-aaaa-aaaa-aaaaaaaaaaaa', '33333333-3333-3333-3333-333333333014', '{"option": "against"}', '{"option": "undecided"}', now()),
  (gen_random_uuid(), 'aaaaaaa1-aaaa-aaaa-aaaa-aaaaaaaaaaaa', '33333333-3333-3333-3333-333333333015', '{"option": "undecided"}', '{"option": "against"}', now()),
  (gen_random_uuid(), 'aaaaaaa1-aaaa-aaaa-aaaa-aaaaaaaaaaaa', '33333333-3333-3333-3333-333333333016', '{"option": "for"}', '{"option": "against"}', now()),
  (gen_random_uuid(), 'aaaaaaa1-aaaa-aaaa-aaaa-aaaaaaaaaaaa', '33333333-3333-3333-3333-333333333017', '{"option": "against"}', '{"option": "for"}', now()),
  (gen_random_uuid(), 'aaaaaaa1-aaaa-aaaa-aaaa-aaaaaaaaaaaa', '33333333-3333-3333-3333-333333333018', '{"option": "undecided"}', '{"option": "for"}', now()),
  (gen_random_uuid(), 'aaaaaaa1-aaaa-aaaa-aaaa-aaaaaaaaaaaa', '33333333-3333-3333-3333-333333333019', '{"option": "for"}', '{"option": "undecided"}', now()),
  (gen_random_uuid(), 'aaaaaaa1-aaaa-aaaa-aaaa-aaaaaaaaaaaa', '33333333-3333-3333-3333-333333333020', '{"option": "against"}', '{"option": "undecided"}', now()),
  (gen_random_uuid(), 'aaaaaaa1-aaaa-aaaa-aaaa-aaaaaaaaaaaa', '33333333-3333-3333-3333-333333333021', '{"option": "undecided"}', '{"option": "against"}', now()),
  (gen_random_uuid(), 'aaaaaaa1-aaaa-aaaa-aaaa-aaaaaaaaaaaa', '33333333-3333-3333-3333-333333333022', '{"option": "for"}', '{"option": "against"}', now()),
  (gen_random_uuid(), 'aaaaaaa1-aaaa-aaaa-aaaa-aaaaaaaaaaaa', '33333333-3333-3333-3333-333333333023', '{"option": "against"}', '{"option": "for"}', now()),
  (gen_random_uuid(), 'aaaaaaa1-aaaa-aaaa-aaaa-aaaaaaaaaaaa', '33333333-3333-3333-3333-333333333024', '{"option": "undecided"}', '{"option": "for"}', now()),
  (gen_random_uuid(), 'aaaaaaa1-aaaa-aaaa-aaaa-aaaaaaaaaaaa', '33333333-3333-3333-3333-333333333025', '{"option": "for"}', '{"option": "undecided"}', now()),
  (gen_random_uuid(), 'aaaaaaa1-aaaa-aaaa-aaaa-aaaaaaaaaaaa', '33333333-3333-3333-3333-333333333026', '{"option": "against"}', '{"option": "undecided"}', now()),
  (gen_random_uuid(), 'aaaaaaa1-aaaa-aaaa-aaaa-aaaaaaaaaaaa', '33333333-3333-3333-3333-333333333027', '{"option": "undecided"}', '{"option": "against"}', now()),
  (gen_random_uuid(), 'aaaaaaa1-aaaa-aaaa-aaaa-aaaaaaaaaaaa', '33333333-3333-3333-3333-333333333028', '{"option": "for"}', '{"option": "against"}', now()),
  (gen_random_uuid(), 'aaaaaaa1-aaaa-aaaa-aaaa-aaaaaaaaaaaa', '33333333-3333-3333-3333-333333333029', '{"option": "against"}', '{"option": "for"}', now()),
  (gen_random_uuid(), 'aaaaaaa1-aaaa-aaaa-aaaa-aaaaaaaaaaaa', '33333333-3333-3333-3333-333333333030', '{"option": "undecided"}', '{"option": "for"}', now()),
  (gen_random_uuid(), 'aaaaaaa1-aaaa-aaaa-aaaa-aaaaaaaaaaaa', '33333333-3333-3333-3333-333333333031', '{"option": "for"}', '{"option": "undecided"}', now()),
  (gen_random_uuid(), 'aaaaaaa1-aaaa-aaaa-aaaa-aaaaaaaaaaaa', '33333333-3333-3333-3333-333333333032', '{"option": "against"}', '{"option": "undecided"}', now()),
  (gen_random_uuid(), 'aaaaaaa1-aaaa-aaaa-aaaa-aaaaaaaaaaaa', '33333333-3333-3333-3333-333333333033', '{"option": "undecided"}', '{"option": "against"}', now()),
  (gen_random_uuid(), 'aaaaaaa1-aaaa-aaaa-aaaa-aaaaaaaaaaaa', '33333333-3333-3333-3333-333333333034', '{"option": "for"}', '{"option": "against"}', now()),
  (gen_random_uuid(), 'aaaaaaa1-aaaa-aaaa-aaaa-aaaaaaaaaaaa', '33333333-3333-3333-3333-333333333035', '{"option": "against"}', '{"option": "for"}', now()),
  (gen_random_uuid(), 'aaaaaaa1-aaaa-aaaa-aaaa-aaaaaaaaaaaa', '33333333-3333-3333-3333-333333333036', '{"option": "undecided"}', '{"option": "for"}', now()),
  (gen_random_uuid(), 'aaaaaaa1-aaaa-aaaa-aaaa-aaaaaaaaaaaa', '33333333-3333-3333-3333-333333333037', '{"option": "for"}', '{"option": "undecided"}', now()),
  (gen_random_uuid(), 'aaaaaaa1-aaaa-aaaa-aaaa-aaaaaaaaaaaa', '33333333-3333-3333-3333-333333333038', '{"option": "against"}', '{"option": "undecided"}', now()),
  (gen_random_uuid(), 'aaaaaaa1-aaaa-aaaa-aaaa-aaaaaaaaaaaa', '33333333-3333-3333-3333-333333333039', '{"option": "undecided"}', '{"option": "against"}', now()),
  (gen_random_uuid(), 'aaaaaaa1-aaaa-aaaa-aaaa-aaaaaaaaaaaa', '33333333-3333-3333-3333-333333333040', '{"option": "for"}', '{"option": "against"}', now()),
  (gen_random_uuid(), 'aaaaaaa1-aaaa-aaaa-aaaa-aaaaaaaaaaaa', '33333333-3333-3333-3333-333333333041', '{"option": "against"}', '{"option": "for"}', now()),
  (gen_random_uuid(), 'aaaaaaa1-aaaa-aaaa-aaaa-aaaaaaaaaaaa', '33333333-3333-3333-3333-333333333042', '{"option": "undecided"}', '{"option": "for"}', now()),
  (gen_random_uuid(), 'aaaaaaa1-aaaa-aaaa-aaaa-aaaaaaaaaaaa', '33333333-3333-3333-3333-333333333043', '{"option": "for"}', '{"option": "undecided"}', now()),
  (gen_random_uuid(), 'aaaaaaa1-aaaa-aaaa-aaaa-aaaaaaaaaaaa', '33333333-3333-3333-3333-333333333044', '{"option": "against"}', '{"option": "undecided"}', now()),
  (gen_random_uuid(), 'aaaaaaa1-aaaa-aaaa-aaaa-aaaaaaaaaaaa', '33333333-3333-3333-3333-333333333045', '{"option": "undecided"}', '{"option": "against"}', now()),
  (gen_random_uuid(), 'aaaaaaa1-aaaa-aaaa-aaaa-aaaaaaaaaaaa', '33333333-3333-3333-3333-333333333046', '{"option": "for"}', '{"option": "against"}', now()),
  (gen_random_uuid(), 'aaaaaaa1-aaaa-aaaa-aaaa-aaaaaaaaaaaa', '33333333-3333-3333-3333-333333333047', '{"option": "against"}', '{"option": "for"}', now()),
  (gen_random_uuid(), 'aaaaaaa1-aaaa-aaaa-aaaa-aaaaaaaaaaaa', '33333333-3333-3333-3333-333333333048', '{"option": "undecided"}', '{"option": "for"}', now()),
  (gen_random_uuid(), 'aaaaaaa1-aaaa-aaaa-aaaa-aaaaaaaaaaaa', '33333333-3333-3333-3333-333333333049', '{"option": "for"}', '{"option": "undecided"}', now()),
  (gen_random_uuid(), 'aaaaaaa1-aaaa-aaaa-aaaa-aaaaaaaaaaaa', '33333333-3333-3333-3333-333333333050', '{"option": "against"}', '{"option": "undecided"}', now()),
  (gen_random_uuid(), 'aaaaaaa1-aaaa-aaaa-aaaa-aaaaaaaaaaaa', '33333333-3333-3333-3333-333333333051', '{"option": "undecided"}', '{"option": "against"}', now()),
  (gen_random_uuid(), 'aaaaaaa1-aaaa-aaaa-aaaa-aaaaaaaaaaaa', '33333333-3333-3333-3333-333333333052', '{"option": "for"}', '{"option": "against"}', now()),
  (gen_random_uuid(), 'aaaaaaa1-aaaa-aaaa-aaaa-aaaaaaaaaaaa', '33333333-3333-3333-3333-333333333053', '{"option": "against"}', '{"option": "for"}', now()),
  (gen_random_uuid(), 'aaaaaaa1-aaaa-aaaa-aaaa-aaaaaaaaaaaa', '33333333-3333-3333-3333-333333333054', '{"option": "undecided"}', '{"option": "for"}', now()),
  (gen_random_uuid(), 'aaaaaaa1-aaaa-aaaa-aaaa-aaaaaaaaaaaa', '33333333-3333-3333-3333-333333333055', '{"option": "for"}', '{"option": "undecided"}', now()),
  (gen_random_uuid(), 'aaaaaaa1-aaaa-aaaa-aaaa-aaaaaaaaaaaa', '33333333-3333-3333-3333-333333333056', '{"option": "against"}', '{"option": "undecided"}', now()),
  (gen_random_uuid(), 'aaaaaaa1-aaaa-aaaa-aaaa-aaaaaaaaaaaa', '33333333-3333-3333-3333-333333333057', '{"option": "undecided"}', '{"option": "against"}', now()),
  (gen_random_uuid(), 'aaaaaaa1-aaaa-aaaa-aaaa-aaaaaaaaaaaa', '33333333-3333-3333-3333-333333333058', '{"option": "for"}', '{"option": "against"}', now()),
  (gen_random_uuid(), 'aaaaaaa1-aaaa-aaaa-aaaa-aaaaaaaaaaaa', '33333333-3333-3333-3333-333333333059', '{"option": "against"}', '{"option": "for"}', now()),
  (gen_random_uuid(), 'aaaaaaa1-aaaa-aaaa-aaaa-aaaaaaaaaaaa', '33333333-3333-3333-3333-333333333060', '{"option": "undecided"}', '{"option": "for"}', now()),
  (gen_random_uuid(), 'aaaaaaa1-aaaa-aaaa-aaaa-aaaaaaaaaaaa', '33333333-3333-3333-3333-333333333061', '{"option": "for"}', '{"option": "undecided"}', now()),
  (gen_random_uuid(), 'aaaaaaa1-aaaa-aaaa-aaaa-aaaaaaaaaaaa', '33333333-3333-3333-3333-333333333062', '{"option": "against"}', '{"option": "undecided"}', now()),
  (gen_random_uuid(), 'aaaaaaa1-aaaa-aaaa-aaaa-aaaaaaaaaaaa', '33333333-3333-3333-3333-333333333063', '{"option": "undecided"}', '{"option": "against"}', now()),
  (gen_random_uuid(), 'aaaaaaa1-aaaa-aaaa-aaaa-aaaaaaaaaaaa', '33333333-3333-3333-3333-333333333064', '{"option": "for"}', '{"option": "against"}', now()),
  (gen_random_uuid(), 'aaaaaaa1-aaaa-aaaa-aaaa-aaaaaaaaaaaa', '33333333-3333-3333-3333-333333333065', '{"option": "against"}', '{"option": "for"}', now()),
  (gen_random_uuid(), 'aaaaaaa1-aaaa-aaaa-aaaa-aaaaaaaaaaaa', '33333333-3333-3333-3333-333333333066', '{"option": "undecided"}', '{"option": "for"}', now()),
  (gen_random_uuid(), 'aaaaaaa1-aaaa-aaaa-aaaa-aaaaaaaaaaaa', '33333333-3333-3333-3333-333333333067', '{"option": "for"}', '{"option": "undecided"}', now()),
  (gen_random_uuid(), 'aaaaaaa1-aaaa-aaaa-aaaa-aaaaaaaaaaaa', '33333333-3333-3333-3333-333333333068', '{"option": "against"}', '{"option": "undecided"}', now()),
  (gen_random_uuid(), 'aaaaaaa1-aaaa-aaaa-aaaa-aaaaaaaaaaaa', '33333333-3333-3333-3333-333333333069', '{"option": "undecided"}', '{"option": "against"}', now()),
  (gen_random_uuid(), 'aaaaaaa1-aaaa-aaaa-aaaa-aaaaaaaaaaaa', '33333333-3333-3333-3333-333333333070', '{"option": "for"}', '{"option": "against"}', now()),
  (gen_random_uuid(), 'aaaaaaa1-aaaa-aaaa-aaaa-aaaaaaaaaaaa', '33333333-3333-3333-3333-333333333071', '{"option": "against"}', '{"option": "for"}', now()),
  (gen_random_uuid(), 'aaaaaaa1-aaaa-aaaa-aaaa-aaaaaaaaaaaa', '33333333-3333-3333-3333-333333333072', '{"option": "undecided"}', '{"option": "for"}', now()),
  (gen_random_uuid(), 'aaaaaaa1-aaaa-aaaa-aaaa-aaaaaaaaaaaa', '33333333-3333-3333-3333-333333333073', '{"option": "for"}', '{"option": "undecided"}', now()),
  (gen_random_uuid(), 'aaaaaaa1-aaaa-aaaa-aaaa-aaaaaaaaaaaa', '33333333-3333-3333-3333-333333333074', '{"option": "against"}', '{"option": "undecided"}', now()),
  (gen_random_uuid(), 'aaaaaaa1-aaaa-aaaa-aaaa-aaaaaaaaaaaa', '33333333-3333-3333-3333-333333333075', '{"option": "undecided"}', '{"option": "against"}', now()),
  (gen_random_uuid(), 'aaaaaaa1-aaaa-aaaa-aaaa-aaaaaaaaaaaa', '33333333-3333-3333-3333-333333333076', '{"option": "for"}', '{"option": "against"}', now()),
  (gen_random_uuid(), 'aaaaaaa1-aaaa-aaaa-aaaa-aaaaaaaaaaaa', '33333333-3333-3333-3333-333333333077', '{"option": "against"}', '{"option": "for"}', now()),
  (gen_random_uuid(), 'aaaaaaa1-aaaa-aaaa-aaaa-aaaaaaaaaaaa', '33333333-3333-3333-3333-333333333078', '{"option": "undecided"}', '{"option": "for"}', now()),
  (gen_random_uuid(), 'aaaaaaa1-aaaa-aaaa-aaaa-aaaaaaaaaaaa', '33333333-3333-3333-3333-333333333079', '{"option": "for"}', '{"option": "undecided"}', now()),
  (gen_random_uuid(), 'aaaaaaa1-aaaa-aaaa-aaaa-aaaaaaaaaaaa', '33333333-3333-3333-3333-333333333080', '{"option": "against"}', '{"option": "undecided"}', now()),
  (gen_random_uuid(), 'aaaaaaa1-aaaa-aaaa-aaaa-aaaaaaaaaaaa', '33333333-3333-3333-3333-333333333081', '{"option": "undecided"}', '{"option": "against"}', now()),
  (gen_random_uuid(), 'aaaaaaa1-aaaa-aaaa-aaaa-aaaaaaaaaaaa', '33333333-3333-3333-3333-333333333082', '{"option": "for"}', '{"option": "against"}', now()),
  (gen_random_uuid(), 'aaaaaaa1-aaaa-aaaa-aaaa-aaaaaaaaaaaa', '33333333-3333-3333-3333-333333333083', '{"option": "against"}', '{"option": "for"}', now()),
  (gen_random_uuid(), 'aaaaaaa1-aaaa-aaaa-aaaa-aaaaaaaaaaaa', '33333333-3333-3333-3333-333333333084', '{"option": "undecided"}', '{"option": "for"}', now()),
  (gen_random_uuid(), 'aaaaaaa1-aaaa-aaaa-aaaa-aaaaaaaaaaaa', '33333333-3333-3333-3333-333333333085', '{"option": "for"}', '{"option": "undecided"}', now()),
  (gen_random_uuid(), 'aaaaaaa1-aaaa-aaaa-aaaa-aaaaaaaaaaaa', '33333333-3333-3333-3333-333333333086', '{"option": "against"}', '{"option": "undecided"}', now()),
  (gen_random_uuid(), 'aaaaaaa1-aaaa-aaaa-aaaa-aaaaaaaaaaaa', '33333333-3333-3333-3333-333333333087', '{"option": "undecided"}', '{"option": "against"}', now()),
  (gen_random_uuid(), 'aaaaaaa1-aaaa-aaaa-aaaa-aaaaaaaaaaaa', '33333333-3333-3333-3333-333333333088', '{"option": "for"}', '{"option": "against"}', now()),
  (gen_random_uuid(), 'aaaaaaa1-aaaa-aaaa-aaaa-aaaaaaaaaaaa', '33333333-3333-3333-3333-333333333089', '{"option": "against"}', '{"option": "for"}', now()),
  (gen_random_uuid(), 'aaaaaaa1-aaaa-aaaa-aaaa-aaaaaaaaaaaa', '33333333-3333-3333-3333-333333333090', '{"option": "undecided"}', '{"option": "for"}', now()),
  (gen_random_uuid(), 'aaaaaaa1-aaaa-aaaa-aaaa-aaaaaaaaaaaa', '33333333-3333-3333-3333-333333333091', '{"option": "for"}', '{"option": "undecided"}', now()),
  (gen_random_uuid(), 'aaaaaaa1-aaaa-aaaa-aaaa-aaaaaaaaaaaa', '33333333-3333-3333-3333-333333333092', '{"option": "against"}', '{"option": "undecided"}', now()),
  (gen_random_uuid(), 'aaaaaaa1-aaaa-aaaa-aaaa-aaaaaaaaaaaa', '33333333-3333-3333-3333-333333333093', '{"option": "undecided"}', '{"option": "against"}', now()),
  (gen_random_uuid(), 'aaaaaaa1-aaaa-aaaa-aaaa-aaaaaaaaaaaa', '33333333-3333-3333-3333-333333333094', '{"option": "for"}', '{"option": "against"}', now()),
  (gen_random_uuid(), 'aaaaaaa1-aaaa-aaaa-aaaa-aaaaaaaaaaaa', '33333333-3333-3333-3333-333333333095', '{"option": "against"}', '{"option": "for"}', now()),
  (gen_random_uuid(), 'aaaaaaa1-aaaa-aaaa-aaaa-aaaaaaaaaaaa', '33333333-3333-3333-3333-333333333096', '{"option": "undecided"}', '{"option": "for"}', now()),
  (gen_random_uuid(), 'aaaaaaa1-aaaa-aaaa-aaaa-aaaaaaaaaaaa', '33333333-3333-3333-3333-333333333097', '{"option": "for"}', '{"option": "undecided"}', now()),
  (gen_random_uuid(), 'aaaaaaa1-aaaa-aaaa-aaaa-aaaaaaaaaaaa', '33333333-3333-3333-3333-333333333098', '{"option": "against"}', '{"option": "undecided"}', now()),
  (gen_random_uuid(), 'aaaaaaa1-aaaa-aaaa-aaaa-aaaaaaaaaaaa', '33333333-3333-3333-3333-333333333099', '{"option": "undecided"}', '{"option": "against"}', now()),
  (gen_random_uuid(), 'aaaaaaa1-aaaa-aaaa-aaaa-aaaaaaaaaaaa', '33333333-3333-3333-3333-333333333100', '{"option": "for"}', '{"option": "against"}', now()),
  (gen_random_uuid(), 'aaaaaaa1-aaaa-aaaa-aaaa-aaaaaaaaaaaa', '33333333-3333-3333-3333-333333333101', '{"option": "against"}', '{"option": "for"}', now()),
  (gen_random_uuid(), 'aaaaaaa1-aaaa-aaaa-aaaa-aaaaaaaaaaaa', '33333333-3333-3333-3333-333333333102', '{"option": "undecided"}', '{"option": "for"}', now()),
  (gen_random_uuid(), 'aaaaaaa1-aaaa-aaaa-aaaa-aaaaaaaaaaaa', '33333333-3333-3333-3333-333333333103', '{"option": "for"}', '{"option": "against"}', now()); 