-- 1. Insert users (if allowed by your Supabase setup)
-- If you get an error, comment out this section and use existing user UUIDs.
insert into auth.users (id, email, encrypted_password)
values
  ('11111111-1111-1111-1111-111111111111', 'alice@example.com', 'fakepasswordhash1'),
  ('22222222-2222-2222-2222-222222222222', 'bob@example.com', 'fakepasswordhash2');

-- 2. Insert debates
insert into public.debates (id, title, description, current_phase, start_time, created_by, created_at)
values
  ('aaaaaaa1-aaaa-aaaa-aaaa-aaaaaaaaaaaa', 'Debate 1', 'First debate', 'pre', now(), '11111111-1111-1111-1111-111111111111', now()),
  ('aaaaaaa2-aaaa-aaaa-aaaa-aaaaaaaaaaaa', 'Debate 2', 'Second debate', 'pre', now(), '22222222-2222-2222-2222-222222222222', now());

-- 3. Insert votes
insert into public.votes (id, debate_id, user_id, pre_vote, post_vote, created_at)
values
  ('v0000001-0000-0000-0000-000000000001', 'aaaaaaa1-aaaa-aaaa-aaaa-aaaaaaaaaaaa', '11111111-1111-1111-1111-111111111111', '{"option": "undecided"}', '{"option": "for"}', now()),
  ('v0000002-0000-0000-0000-000000000002', 'aaaaaaa1-aaaa-aaaa-aaaa-aaaaaaaaaaaa', '22222222-2222-2222-2222-222222222222', '{"option": "against"}', '{"option": "against"}', now()),
  ('v0000003-0000-0000-0000-000000000003', 'aaaaaaa2-aaaa-aaaa-aaaa-aaaaaaaaaaaa', '11111111-1111-1111-1111-111111111111', '{"option": "undecided"}', '{"option": "against"}', now()),
  ('v0000004-0000-0000-0000-000000000004', 'aaaaaaa1-aaaa-aaaa-aaaa-aaaaaaaaaaaa', '33333333-3333-3333-3333-333333333004', '{"option": "for"}', '{"option": "against"}', now()),
  ('v0000005-0000-0000-0000-000000000005', 'aaaaaaa1-aaaa-aaaa-aaaa-aaaaaaaaaaaa', '33333333-3333-3333-3333-333333333005', '{"option": "against"}', '{"option": "for"}', now()),
  ('v0000006-0000-0000-0000-000000000006', 'aaaaaaa1-aaaa-aaaa-aaaa-aaaaaaaaaaaa', '33333333-3333-3333-3333-333333333006', '{"option": "undecided"}', '{"option": "for"}', now()),
  ('v0000007-0000-0000-0000-000000000007', 'aaaaaaa1-aaaa-aaaa-aaaa-aaaaaaaaaaaa', '33333333-3333-3333-3333-333333333007', '{"option": "for"}', '{"option": "undecided"}', now()),
  ('v0000008-0000-0000-0000-000000000008', 'aaaaaaa1-aaaa-aaaa-aaaa-aaaaaaaaaaaa', '33333333-3333-3333-3333-333333333008', '{"option": "against"}', '{"option": "undecided"}', now()),
  ('v0000009-0000-0000-0000-000000000009', 'aaaaaaa1-aaaa-aaaa-aaaa-aaaaaaaaaaaa', '33333333-3333-3333-3333-333333333009', '{"option": "undecided"}', '{"option": "against"}', now()),
  ('v0000010-0000-0000-0000-000000000010', 'aaaaaaa1-aaaa-aaaa-aaaa-aaaaaaaaaaaa', '33333333-3333-3333-3333-333333333010', '{"option": "for"}', '{"option": "against"}', now()),
  ('v0000011-0000-0000-0000-000000000011', 'aaaaaaa1-aaaa-aaaa-aaaa-aaaaaaaaaaaa', '33333333-3333-3333-3333-333333333011', '{"option": "against"}', '{"option": "for"}', now()),
  ('v0000012-0000-0000-0000-000000000012', 'aaaaaaa1-aaaa-aaaa-aaaa-aaaaaaaaaaaa', '33333333-3333-3333-3333-333333333012', '{"option": "undecided"}', '{"option": "for"}', now()),
  ('v0000013-0000-0000-0000-000000000013', 'aaaaaaa1-aaaa-aaaa-aaaa-aaaaaaaaaaaa', '33333333-3333-3333-3333-333333333013', '{"option": "for"}', '{"option": "undecided"}', now()),
  ('v0000014-0000-0000-0000-000000000014', 'aaaaaaa1-aaaa-aaaa-aaaa-aaaaaaaaaaaa', '33333333-3333-3333-3333-333333333014', '{"option": "against"}', '{"option": "undecided"}', now()),
  ('v0000015-0000-0000-0000-000000000015', 'aaaaaaa1-aaaa-aaaa-aaaa-aaaaaaaaaaaa', '33333333-3333-3333-3333-333333333015', '{"option": "undecided"}', '{"option": "against"}', now()),
  ('v0000016-0000-0000-0000-000000000016', 'aaaaaaa1-aaaa-aaaa-aaaa-aaaaaaaaaaaa', '33333333-3333-3333-3333-333333333016', '{"option": "for"}', '{"option": "against"}', now()),
  ('v0000017-0000-0000-0000-000000000017', 'aaaaaaa1-aaaa-aaaa-aaaa-aaaaaaaaaaaa', '33333333-3333-3333-3333-333333333017', '{"option": "against"}', '{"option": "for"}', now()),
  ('v0000018-0000-0000-0000-000000000018', 'aaaaaaa1-aaaa-aaaa-aaaa-aaaaaaaaaaaa', '33333333-3333-3333-3333-333333333018', '{"option": "undecided"}', '{"option": "for"}', now()),
  ('v0000019-0000-0000-0000-000000000019', 'aaaaaaa1-aaaa-aaaa-aaaa-aaaaaaaaaaaa', '33333333-3333-3333-3333-333333333019', '{"option": "for"}', '{"option": "undecided"}', now()),
  ('v0000020-0000-0000-0000-000000000020', 'aaaaaaa1-aaaa-aaaa-aaaa-aaaaaaaaaaaa', '33333333-3333-3333-3333-333333333020', '{"option": "against"}', '{"option": "undecided"}', now()),
  ('v0000021-0000-0000-0000-000000000021', 'aaaaaaa1-aaaa-aaaa-aaaa-aaaaaaaaaaaa', '33333333-3333-3333-3333-333333333021', '{"option": "undecided"}', '{"option": "against"}', now()),
  ('v0000022-0000-0000-0000-000000000022', 'aaaaaaa1-aaaa-aaaa-aaaa-aaaaaaaaaaaa', '33333333-3333-3333-3333-333333333022', '{"option": "for"}', '{"option": "against"}', now()),
  ('v0000023-0000-0000-0000-000000000023', 'aaaaaaa1-aaaa-aaaa-aaaa-aaaaaaaaaaaa', '33333333-3333-3333-3333-333333333023', '{"option": "against"}', '{"option": "for"}', now()),
  ('v0000024-0000-0000-0000-000000000024', 'aaaaaaa1-aaaa-aaaa-aaaa-aaaaaaaaaaaa', '33333333-3333-3333-3333-333333333024', '{"option": "undecided"}', '{"option": "for"}', now()),
  ('v0000025-0000-0000-0000-000000000025', 'aaaaaaa1-aaaa-aaaa-aaaa-aaaaaaaaaaaa', '33333333-3333-3333-3333-333333333025', '{"option": "for"}', '{"option": "undecided"}', now()),
  ('v0000026-0000-0000-0000-000000000026', 'aaaaaaa1-aaaa-aaaa-aaaa-aaaaaaaaaaaa', '33333333-3333-3333-3333-333333333026', '{"option": "against"}', '{"option": "undecided"}', now()),
  ('v0000027-0000-0000-0000-000000000027', 'aaaaaaa1-aaaa-aaaa-aaaa-aaaaaaaaaaaa', '33333333-3333-3333-3333-333333333027', '{"option": "undecided"}', '{"option": "against"}', now()),
  ('v0000028-0000-0000-0000-000000000028', 'aaaaaaa1-aaaa-aaaa-aaaa-aaaaaaaaaaaa', '33333333-3333-3333-3333-333333333028', '{"option": "for"}', '{"option": "against"}', now()),
  ('v0000029-0000-0000-0000-000000000029', 'aaaaaaa1-aaaa-aaaa-aaaa-aaaaaaaaaaaa', '33333333-3333-3333-3333-333333333029', '{"option": "against"}', '{"option": "for"}', now()),
  ('v0000030-0000-0000-0000-000000000030', 'aaaaaaa1-aaaa-aaaa-aaaa-aaaaaaaaaaaa', '33333333-3333-3333-3333-333333333030', '{"option": "undecided"}', '{"option": "for"}', now()),
  ('v0000031-0000-0000-0000-000000000031', 'aaaaaaa1-aaaa-aaaa-aaaa-aaaaaaaaaaaa', '33333333-3333-3333-3333-333333333031', '{"option": "for"}', '{"option": "undecided"}', now()),
  ('v0000032-0000-0000-0000-000000000032', 'aaaaaaa1-aaaa-aaaa-aaaa-aaaaaaaaaaaa', '33333333-3333-3333-3333-333333333032', '{"option": "against"}', '{"option": "undecided"}', now()),
  ('v0000033-0000-0000-0000-000000000033', 'aaaaaaa1-aaaa-aaaa-aaaa-aaaaaaaaaaaa', '33333333-3333-3333-3333-333333333033', '{"option": "undecided"}', '{"option": "against"}', now()),
  ('v0000034-0000-0000-0000-000000000034', 'aaaaaaa1-aaaa-aaaa-aaaa-aaaaaaaaaaaa', '33333333-3333-3333-3333-333333333034', '{"option": "for"}', '{"option": "against"}', now()),
  ('v0000035-0000-0000-0000-000000000035', 'aaaaaaa1-aaaa-aaaa-aaaa-aaaaaaaaaaaa', '33333333-3333-3333-3333-333333333035', '{"option": "against"}', '{"option": "for"}', now()),
  ('v0000036-0000-0000-0000-000000000036', 'aaaaaaa1-aaaa-aaaa-aaaa-aaaaaaaaaaaa', '33333333-3333-3333-3333-333333333036', '{"option": "undecided"}', '{"option": "for"}', now()),
  ('v0000037-0000-0000-0000-000000000037', 'aaaaaaa1-aaaa-aaaa-aaaa-aaaaaaaaaaaa', '33333333-3333-3333-3333-333333333037', '{"option": "for"}', '{"option": "undecided"}', now()),
  ('v0000038-0000-0000-0000-000000000038', 'aaaaaaa1-aaaa-aaaa-aaaa-aaaaaaaaaaaa', '33333333-3333-3333-3333-333333333038', '{"option": "against"}', '{"option": "undecided"}', now()),
  ('v0000039-0000-0000-0000-000000000039', 'aaaaaaa1-aaaa-aaaa-aaaa-aaaaaaaaaaaa', '33333333-3333-3333-3333-333333333039', '{"option": "undecided"}', '{"option": "against"}', now()),
  ('v0000040-0000-0000-0000-000000000040', 'aaaaaaa1-aaaa-aaaa-aaaa-aaaaaaaaaaaa', '33333333-3333-3333-3333-333333333040', '{"option": "for"}', '{"option": "against"}', now()),
  ('v0000041-0000-0000-0000-000000000041', 'aaaaaaa1-aaaa-aaaa-aaaa-aaaaaaaaaaaa', '33333333-3333-3333-3333-333333333041', '{"option": "against"}', '{"option": "for"}', now()),
  ('v0000042-0000-0000-0000-000000000042', 'aaaaaaa1-aaaa-aaaa-aaaa-aaaaaaaaaaaa', '33333333-3333-3333-3333-333333333042', '{"option": "undecided"}', '{"option": "for"}', now()),
  ('v0000043-0000-0000-0000-000000000043', 'aaaaaaa1-aaaa-aaaa-aaaa-aaaaaaaaaaaa', '33333333-3333-3333-3333-333333333043', '{"option": "for"}', '{"option": "undecided"}', now()),
  ('v0000044-0000-0000-0000-000000000044', 'aaaaaaa1-aaaa-aaaa-aaaa-aaaaaaaaaaaa', '33333333-3333-3333-3333-333333333044', '{"option": "against"}', '{"option": "undecided"}', now()),
  ('v0000045-0000-0000-0000-000000000045', 'aaaaaaa1-aaaa-aaaa-aaaa-aaaaaaaaaaaa', '33333333-3333-3333-3333-333333333045', '{"option": "undecided"}', '{"option": "against"}', now()),
  ('v0000046-0000-0000-0000-000000000046', 'aaaaaaa1-aaaa-aaaa-aaaa-aaaaaaaaaaaa', '33333333-3333-3333-3333-333333333046', '{"option": "for"}', '{"option": "against"}', now()),
  ('v0000047-0000-0000-0000-000000000047', 'aaaaaaa1-aaaa-aaaa-aaaa-aaaaaaaaaaaa', '33333333-3333-3333-3333-333333333047', '{"option": "against"}', '{"option": "for"}', now()),
  ('v0000048-0000-0000-0000-000000000048', 'aaaaaaa1-aaaa-aaaa-aaaa-aaaaaaaaaaaa', '33333333-3333-3333-3333-333333333048', '{"option": "undecided"}', '{"option": "for"}', now()),
  ('v0000049-0000-0000-0000-000000000049', 'aaaaaaa1-aaaa-aaaa-aaaa-aaaaaaaaaaaa', '33333333-3333-3333-3333-333333333049', '{"option": "for"}', '{"option": "undecided"}', now()),
  ('v0000050-0000-0000-0000-000000000050', 'aaaaaaa1-aaaa-aaaa-aaaa-aaaaaaaaaaaa', '33333333-3333-3333-3333-333333333050', '{"option": "against"}', '{"option": "undecided"}', now()),
  ('v0000051-0000-0000-0000-000000000051', 'aaaaaaa1-aaaa-aaaa-aaaa-aaaaaaaaaaaa', '33333333-3333-3333-3333-333333333051', '{"option": "undecided"}', '{"option": "against"}', now()),
  ('v0000052-0000-0000-0000-000000000052', 'aaaaaaa1-aaaa-aaaa-aaaa-aaaaaaaaaaaa', '33333333-3333-3333-3333-333333333052', '{"option": "for"}', '{"option": "against"}', now()),
  ('v0000053-0000-0000-0000-000000000053', 'aaaaaaa1-aaaa-aaaa-aaaa-aaaaaaaaaaaa', '33333333-3333-3333-3333-333333333053', '{"option": "against"}', '{"option": "for"}', now()),
  ('v0000054-0000-0000-0000-000000000054', 'aaaaaaa1-aaaa-aaaa-aaaa-aaaaaaaaaaaa', '33333333-3333-3333-3333-333333333054', '{"option": "undecided"}', '{"option": "for"}', now()),
  ('v0000055-0000-0000-0000-000000000055', 'aaaaaaa1-aaaa-aaaa-aaaa-aaaaaaaaaaaa', '33333333-3333-3333-3333-333333333055', '{"option": "for"}', '{"option": "undecided"}', now()),
  ('v0000056-0000-0000-0000-000000000056', 'aaaaaaa1-aaaa-aaaa-aaaa-aaaaaaaaaaaa', '33333333-3333-3333-3333-333333333056', '{"option": "against"}', '{"option": "undecided"}', now()),
  ('v0000057-0000-0000-0000-000000000057', 'aaaaaaa1-aaaa-aaaa-aaaa-aaaaaaaaaaaa', '33333333-3333-3333-3333-333333333057', '{"option": "undecided"}', '{"option": "against"}', now()),
  ('v0000058-0000-0000-0000-000000000058', 'aaaaaaa1-aaaa-aaaa-aaaa-aaaaaaaaaaaa', '33333333-3333-3333-3333-333333333058', '{"option": "for"}', '{"option": "against"}', now()),
  ('v0000059-0000-0000-0000-000000000059', 'aaaaaaa1-aaaa-aaaa-aaaa-aaaaaaaaaaaa', '33333333-3333-3333-3333-333333333059', '{"option": "against"}', '{"option": "for"}', now()),
  ('v0000060-0000-0000-0000-000000000060', 'aaaaaaa1-aaaa-aaaa-aaaa-aaaaaaaaaaaa', '33333333-3333-3333-3333-333333333060', '{"option": "undecided"}', '{"option": "for"}', now()),
  ('v0000061-0000-0000-0000-000000000061', 'aaaaaaa1-aaaa-aaaa-aaaa-aaaaaaaaaaaa', '33333333-3333-3333-3333-333333333061', '{"option": "for"}', '{"option": "undecided"}', now()),
  ('v0000062-0000-0000-0000-000000000062', 'aaaaaaa1-aaaa-aaaa-aaaa-aaaaaaaaaaaa', '33333333-3333-3333-3333-333333333062', '{"option": "against"}', '{"option": "undecided"}', now()),
  ('v0000063-0000-0000-0000-000000000063', 'aaaaaaa1-aaaa-aaaa-aaaa-aaaaaaaaaaaa', '33333333-3333-3333-3333-333333333063', '{"option": "undecided"}', '{"option": "against"}', now()),
  ('v0000064-0000-0000-0000-000000000064', 'aaaaaaa1-aaaa-aaaa-aaaa-aaaaaaaaaaaa', '33333333-3333-3333-3333-333333333064', '{"option": "for"}', '{"option": "against"}', now()),
  ('v0000065-0000-0000-0000-000000000065', 'aaaaaaa1-aaaa-aaaa-aaaa-aaaaaaaaaaaa', '33333333-3333-3333-3333-333333333065', '{"option": "against"}', '{"option": "for"}', now()),
  ('v0000066-0000-0000-0000-000000000066', 'aaaaaaa1-aaaa-aaaa-aaaa-aaaaaaaaaaaa', '33333333-3333-3333-3333-333333333066', '{"option": "undecided"}', '{"option": "for"}', now()),
  ('v0000067-0000-0000-0000-000000000067', 'aaaaaaa1-aaaa-aaaa-aaaa-aaaaaaaaaaaa', '33333333-3333-3333-3333-333333333067', '{"option": "for"}', '{"option": "undecided"}', now()),
  ('v0000068-0000-0000-0000-000000000068', 'aaaaaaa1-aaaa-aaaa-aaaa-aaaaaaaaaaaa', '33333333-3333-3333-3333-333333333068', '{"option": "against"}', '{"option": "undecided"}', now()),
  ('v0000069-0000-0000-0000-000000000069', 'aaaaaaa1-aaaa-aaaa-aaaa-aaaaaaaaaaaa', '33333333-3333-3333-3333-333333333069', '{"option": "undecided"}', '{"option": "against"}', now()),
  ('v0000070-0000-0000-0000-000000000070', 'aaaaaaa1-aaaa-aaaa-aaaa-aaaaaaaaaaaa', '33333333-3333-3333-3333-333333333070', '{"option": "for"}', '{"option": "against"}', now()),
  ('v0000071-0000-0000-0000-000000000071', 'aaaaaaa1-aaaa-aaaa-aaaa-aaaaaaaaaaaa', '33333333-3333-3333-3333-333333333071', '{"option": "against"}', '{"option": "for"}', now()),
  ('v0000072-0000-0000-0000-000000000072', 'aaaaaaa1-aaaa-aaaa-aaaa-aaaaaaaaaaaa', '33333333-3333-3333-3333-333333333072', '{"option": "undecided"}', '{"option": "for"}', now()),
  ('v0000073-0000-0000-0000-000000000073', 'aaaaaaa1-aaaa-aaaa-aaaa-aaaaaaaaaaaa', '33333333-3333-3333-3333-333333333073', '{"option": "for"}', '{"option": "undecided"}', now()),
  ('v0000074-0000-0000-0000-000000000074', 'aaaaaaa1-aaaa-aaaa-aaaa-aaaaaaaaaaaa', '33333333-3333-3333-3333-333333333074', '{"option": "against"}', '{"option": "undecided"}', now()),
  ('v0000075-0000-0000-0000-000000000075', 'aaaaaaa1-aaaa-aaaa-aaaa-aaaaaaaaaaaa', '33333333-3333-3333-3333-333333333075', '{"option": "undecided"}', '{"option": "against"}', now()),
  ('v0000076-0000-0000-0000-000000000076', 'aaaaaaa1-aaaa-aaaa-aaaa-aaaaaaaaaaaa', '33333333-3333-3333-3333-333333333076', '{"option": "for"}', '{"option": "against"}', now()),
  ('v0000077-0000-0000-0000-000000000077', 'aaaaaaa1-aaaa-aaaa-aaaa-aaaaaaaaaaaa', '33333333-3333-3333-3333-333333333077', '{"option": "against"}', '{"option": "for"}', now()),
  ('v0000078-0000-0000-0000-000000000078', 'aaaaaaa1-aaaa-aaaa-aaaa-aaaaaaaaaaaa', '33333333-3333-3333-3333-333333333078', '{"option": "undecided"}', '{"option": "for"}', now()),
  ('v0000079-0000-0000-0000-000000000079', 'aaaaaaa1-aaaa-aaaa-aaaa-aaaaaaaaaaaa', '33333333-3333-3333-3333-333333333079', '{"option": "for"}', '{"option": "undecided"}', now()),
  ('v0000080-0000-0000-0000-000000000080', 'aaaaaaa1-aaaa-aaaa-aaaa-aaaaaaaaaaaa', '33333333-3333-3333-3333-333333333080', '{"option": "against"}', '{"option": "undecided"}', now()),
  ('v0000081-0000-0000-0000-000000000081', 'aaaaaaa1-aaaa-aaaa-aaaa-aaaaaaaaaaaa', '33333333-3333-3333-3333-333333333081', '{"option": "undecided"}', '{"option": "against"}', now()),
  ('v0000082-0000-0000-0000-000000000082', 'aaaaaaa1-aaaa-aaaa-aaaa-aaaaaaaaaaaa', '33333333-3333-3333-3333-333333333082', '{"option": "for"}', '{"option": "against"}', now()),
  ('v0000083-0000-0000-0000-000000000083', 'aaaaaaa1-aaaa-aaaa-aaaa-aaaaaaaaaaaa', '33333333-3333-3333-3333-333333333083', '{"option": "against"}', '{"option": "for"}', now()),
  ('v0000084-0000-0000-0000-000000000084', 'aaaaaaa1-aaaa-aaaa-aaaa-aaaaaaaaaaaa', '33333333-3333-3333-3333-333333333084', '{"option": "undecided"}', '{"option": "for"}', now()),
  ('v0000085-0000-0000-0000-000000000085', 'aaaaaaa1-aaaa-aaaa-aaaa-aaaaaaaaaaaa', '33333333-3333-3333-3333-333333333085', '{"option": "for"}', '{"option": "undecided"}', now()),
  ('v0000086-0000-0000-0000-000000000086', 'aaaaaaa1-aaaa-aaaa-aaaa-aaaaaaaaaaaa', '33333333-3333-3333-3333-333333333086', '{"option": "against"}', '{"option": "undecided"}', now()),
  ('v0000087-0000-0000-0000-000000000087', 'aaaaaaa1-aaaa-aaaa-aaaa-aaaaaaaaaaaa', '33333333-3333-3333-3333-333333333087', '{"option": "undecided"}', '{"option": "against"}', now()),
  ('v0000088-0000-0000-0000-000000000088', 'aaaaaaa1-aaaa-aaaa-aaaa-aaaaaaaaaaaa', '33333333-3333-3333-3333-333333333088', '{"option": "for"}', '{"option": "against"}', now()),
  ('v0000089-0000-0000-0000-000000000089', 'aaaaaaa1-aaaa-aaaa-aaaa-aaaaaaaaaaaa', '33333333-3333-3333-3333-333333333089', '{"option": "against"}', '{"option": "for"}', now()),
  ('v0000090-0000-0000-0000-000000000090', 'aaaaaaa1-aaaa-aaaa-aaaa-aaaaaaaaaaaa', '33333333-3333-3333-3333-333333333090', '{"option": "undecided"}', '{"option": "for"}', now()),
  ('v0000091-0000-0000-0000-000000000091', 'aaaaaaa1-aaaa-aaaa-aaaa-aaaaaaaaaaaa', '33333333-3333-3333-3333-333333333091', '{"option": "for"}', '{"option": "undecided"}', now()),
  ('v0000092-0000-0000-0000-000000000092', 'aaaaaaa1-aaaa-aaaa-aaaa-aaaaaaaaaaaa', '33333333-3333-3333-3333-333333333092', '{"option": "against"}', '{"option": "undecided"}', now()),
  ('v0000093-0000-0000-0000-000000000093', 'aaaaaaa1-aaaa-aaaa-aaaa-aaaaaaaaaaaa', '33333333-3333-3333-3333-333333333093', '{"option": "undecided"}', '{"option": "against"}', now()),
  ('v0000094-0000-0000-0000-000000000094', 'aaaaaaa1-aaaa-aaaa-aaaa-aaaaaaaaaaaa', '33333333-3333-3333-3333-333333333094', '{"option": "for"}', '{"option": "against"}', now()),
  ('v0000095-0000-0000-0000-000000000095', 'aaaaaaa1-aaaa-aaaa-aaaa-aaaaaaaaaaaa', '33333333-3333-3333-3333-333333333095', '{"option": "against"}', '{"option": "for"}', now()),
  ('v0000096-0000-0000-0000-000000000096', 'aaaaaaa1-aaaa-aaaa-aaaa-aaaaaaaaaaaa', '33333333-3333-3333-3333-333333333096', '{"option": "undecided"}', '{"option": "for"}', now()),
  ('v0000097-0000-0000-0000-000000000097', 'aaaaaaa1-aaaa-aaaa-aaaa-aaaaaaaaaaaa', '33333333-3333-3333-3333-333333333097', '{"option": "for"}', '{"option": "undecided"}', now()),
  ('v0000098-0000-0000-0000-000000000098', 'aaaaaaa1-aaaa-aaaa-aaaa-aaaaaaaaaaaa', '33333333-3333-3333-3333-333333333098', '{"option": "against"}', '{"option": "undecided"}', now()),
  ('v0000099-0000-0000-0000-000000000099', 'aaaaaaa1-aaaa-aaaa-aaaa-aaaaaaaaaaaa', '33333333-3333-3333-3333-333333333099', '{"option": "undecided"}', '{"option": "against"}', now()),
  ('v0000100-0000-0000-0000-000000000100', 'aaaaaaa1-aaaa-aaaa-aaaa-aaaaaaaaaaaa', '33333333-3333-3333-3333-333333333100', '{"option": "for"}', '{"option": "against"}', now()),
  ('v0000101-0000-0000-0000-000000000101', 'aaaaaaa1-aaaa-aaaa-aaaa-aaaaaaaaaaaa', '33333333-3333-3333-3333-333333333101', '{"option": "against"}', '{"option": "for"}', now()),
  ('v0000102-0000-0000-0000-000000000102', 'aaaaaaa1-aaaa-aaaa-aaaa-aaaaaaaaaaaa', '33333333-3333-3333-3333-333333333102', '{"option": "undecided"}', '{"option": "for"}', now()),
  ('v0000103-0000-0000-0000-000000000103', 'aaaaaaa1-aaaa-aaaa-aaaa-aaaaaaaaaaaa', '33333333-3333-3333-3333-333333333103', '{"option": "for"}', '{"option": "against"}', now()); 